FirstName;Initials;Lastname;Username;Email;StreetAddress;City;ZipCode;State;Country;Department;Password;Telephone;JobTitle;Company;OU
Max;MF;Fraser;Max.Fraser;Max.Fraser@exoip.com;21 Baker St;London;NW1 6XE;;United Kingdom;IT;Q+/7_]Tc;44123456780;Engineer;Domain;OU=Controlling,DC=domain,DC=forest
Piers;PB;Bower;Piers.Bower;Piers.Bower@exoip.com;21 Baker St;London;NW1 6XE;;United Kingdom;IT;RW-cn3N);44123456781;Manager;Domain;OU=Controlling,DC=domain,DC=forest
Kylie;KD;Davidson;Kylie.Davidson;Kylie.Davidson@exoip.com;21 Baker St;London;NW1 6XE;;United Kingdom;IT;3VKr2.Wm;44123456782;Engineer;Domain;OU=Controlling,DC=domain,DC=forest
Richard;RG;Grant;Richard.Grant;Richard.Grant@exoip.com;21 Baker St;London;NW1 6XE;;United Kingdom;IT;)N3ZYJvS;44123456783;Teamleader;Domain;OU=Controlling,DC=domain,DC=forest
Boris;BC;Campbell;Boris.Campbell;Boris.Campbell@exoip.com;21 Baker St;London;NW1 6XE;;United Kingdom;IT;9ZesQ]pq;44123456784;Engineer;Domain;OU=Controlling,DC=domain,DC=forest
Nicholas;NM;Murray;Nicholas.Murray;Nicholas.Murray@exoip.com;21 Baker St;London;NW1 6XE;;United Kingdom;IT;KX*rB72p;44123456785;Manager;Domain;OU=Controlling,DC=domain,DC=forest
Leonard;LC;Clark;Leonard.Clark;Leonard.Clark@exoip.com;21 Baker St;London;NW1 6XE;;United Kingdom;IT;AJ+(}c3$;44123456786;Engineer;Domain;OU=Controlling,DC=domain,DC=forest
Ruth;RD;Dickens;Ruth.Dickens;Ruth.Dickens@exoip.com;21 Baker St;London;NW1 6XE;;United Kingdom;IT;Jgv4{Bb$;44123456787;Engineer;Domain;OU=Controlling,DC=domain,DC=forest
Jonathan;JF;Fisher;Jonathan.Fisher;Johnathan.Fisher@exoip.com;21 Baker St;London;NW1 6XE;;United Kingdom;IT;u*PQJAx5;44123456788;Engineer;Domain;OU=Controlling,DC=domain,DC=forest
Grace;GR;Rees;Grace.Rees;Grace.Rees@exoip.com;21 Baker St;London;NW1 6XE;;United Kingdom;IT;w([6p&Kt;44123456789;Engineer;Domain;OU=Controlling,DC=domain,DC=forest